noise_level,comparison,metric,direction,paired_cases,mean_delta,bootstrap_ci_low,bootstrap_ci_high,sign_flip_p,mean_signed_improvement,primary_better_rate
clean,icgp_rvo_mpc_vs_passive_rvo_mpc,collision,lower,240,0.0,-0.0125,0.0125,1.0,0.0,0.004166666666666667
clean,icgp_rvo_mpc_vs_passive_rvo_mpc,completion_time,lower,240,-0.6174999999999999,-1.055,-0.1985,0.0052994700529947,0.6174999999999999,0.29583333333333334
clean,icgp_rvo_mpc_vs_passive_rvo_mpc,final_goal_distance,lower,240,-0.09673091859246294,-0.21090720122680068,0.019129775168063738,0.1105889411058894,0.09673091859246294,0.5375
clean,icgp_rvo_mpc_vs_passive_rvo_mpc,min_distance,higher,240,0.004315452790214007,-0.00787469245457301,0.016814158355991475,0.48885111488851113,0.004315452790214007,0.44166666666666665
clean,icgp_rvo_mpc_vs_passive_rvo_mpc,progress_ratio,higher,240,0.009233013191260398,-0.0019267005405466332,0.020300759382565352,0.10628937106289371,0.009233013191260398,0.5375
clean,icgp_rvo_mpc_vs_passive_rvo_mpc,safety_violation,lower,240,0.0375,-0.004166666666666667,0.07916666666666666,0.13688631136886312,-0.0375,0.041666666666666664
clean,icgp_rvo_mpc_vs_passive_rvo_mpc,success,higher,240,0.041666666666666664,0.004166666666666667,0.07916666666666666,0.043495650434956505,0.041666666666666664,0.0625
clean,icgp_rvo_mpc_vs_residual_passive_rvo_mpc,collision,lower,240,-0.004166666666666667,-0.020833333333333332,0.008333333333333333,1.0,0.004166666666666667,0.008333333333333333
clean,icgp_rvo_mpc_vs_residual_passive_rvo_mpc,completion_time,lower,240,-0.18549999999999986,-0.5265124999999998,0.15400000000000008,0.2830716928307169,0.18549999999999986,0.26666666666666666
clean,icgp_rvo_mpc_vs_residual_passive_rvo_mpc,final_goal_distance,lower,240,-0.02981545139725008,-0.1343648997065611,0.07429116337560115,0.5927407259274072,0.02981545139725008,0.5125
clean,icgp_rvo_mpc_vs_residual_passive_rvo_mpc,min_distance,higher,240,-0.0200463477860785,-0.03226513106389845,-0.007940561703383585,0.000999900009999,-0.0200463477860785,0.3875
clean,icgp_rvo_mpc_vs_residual_passive_rvo_mpc,progress_ratio,higher,240,0.002822557588418324,-0.007043937750956193,0.01290236897359137,0.5946405359464053,0.002822557588418324,0.5125
clean,icgp_rvo_mpc_vs_residual_passive_rvo_mpc,safety_violation,lower,240,0.041666666666666664,0.0,0.08333333333333333,0.066993300669933,-0.041666666666666664,0.03333333333333333
clean,icgp_rvo_mpc_vs_residual_passive_rvo_mpc,success,higher,240,0.020833333333333332,-0.0125,0.05416666666666667,0.33326667333266674,0.020833333333333332,0.04583333333333333
clean,icgp_rvo_mpc_vs_rvo_reactive,collision,lower,240,0.0,-0.0125,0.0125,1.0,0.0,0.004166666666666667
clean,icgp_rvo_mpc_vs_rvo_reactive,completion_time,lower,240,-0.1905,-0.6545125,0.29754999999999937,0.43555644435556445,0.1905,0.32916666666666666
clean,icgp_rvo_mpc_vs_rvo_reactive,final_goal_distance,lower,240,0.3119566245314976,0.1859566569211893,0.4389563179512818,9.999000099990002e-05,-0.3119566245314976,0.4708333333333333
clean,icgp_rvo_mpc_vs_rvo_reactive,min_distance,higher,240,-0.08126192012968432,-0.10241323558857722,-0.06037306936789088,9.999000099990002e-05,-0.08126192012968432,0.32916666666666666
clean,icgp_rvo_mpc_vs_rvo_reactive,progress_ratio,higher,240,-0.029756522081637135,-0.04202626477849359,-0.01753440689324634,9.999000099990002e-05,-0.029756522081637135,0.4708333333333333
clean,icgp_rvo_mpc_vs_rvo_reactive,safety_violation,lower,240,0.025,-0.020833333333333332,0.07083333333333333,0.3852614738526147,-0.025,0.058333333333333334
clean,icgp_rvo_mpc_vs_rvo_reactive,success,higher,240,-0.0625,-0.09583333333333334,-0.029166666666666667,0.00029997000299970003,-0.0625,0.004166666666666667
high,icgp_rvo_mpc_vs_passive_rvo_mpc,collision,lower,240,0.020833333333333332,-0.008333333333333333,0.05,0.2695730426957304,-0.020833333333333332,0.016666666666666666
high,icgp_rvo_mpc_vs_passive_rvo_mpc,completion_time,lower,240,-0.7185,-1.0995249999999999,-0.34998750000000023,9.999000099990002e-05,0.7185,0.3375
high,icgp_rvo_mpc_vs_passive_rvo_mpc,final_goal_distance,lower,240,-0.11890617941195766,-0.20123755023271467,-0.039174442150785305,0.005599440055994401,0.11890617941195766,0.5041666666666667
high,icgp_rvo_mpc_vs_passive_rvo_mpc,min_distance,higher,240,-0.005145792778684547,-0.017967084804452423,0.0073290877827297644,0.42575742425757424,-0.005145792778684547,0.49583333333333335
high,icgp_rvo_mpc_vs_passive_rvo_mpc,progress_ratio,higher,240,0.011377567510741452,0.003933768072456582,0.019286135543661657,0.0040995900409959,0.011377567510741452,0.5041666666666667
high,icgp_rvo_mpc_vs_passive_rvo_mpc,safety_violation,lower,240,0.05,0.008333333333333333,0.09166666666666666,0.024697530246975304,-0.05,0.025
high,icgp_rvo_mpc_vs_passive_rvo_mpc,success,higher,240,0.03333333333333333,0.0,0.06666666666666667,0.09829017098290171,0.03333333333333333,0.05416666666666667
high,icgp_rvo_mpc_vs_residual_passive_rvo_mpc,collision,lower,240,0.025,0.0,0.05,0.11208879112088792,-0.025,0.008333333333333333
high,icgp_rvo_mpc_vs_residual_passive_rvo_mpc,completion_time,lower,240,-0.09800000000000005,-0.39501249999999993,0.20001249999999982,0.5218478152184781,0.09800000000000005,0.25
high,icgp_rvo_mpc_vs_residual_passive_rvo_mpc,final_goal_distance,lower,240,-0.04265522332862019,-0.11952817831033219,0.03231205820649241,0.27407259274072593,0.04265522332862019,0.4791666666666667
high,icgp_rvo_mpc_vs_residual_passive_rvo_mpc,min_distance,higher,240,-0.014567288840558967,-0.02765570373192029,-0.0015856591559011857,0.0268973102689731,-0.014567288840558967,0.42916666666666664
high,icgp_rvo_mpc_vs_residual_passive_rvo_mpc,progress_ratio,higher,240,0.004065298281299571,-0.003073681790750318,0.011525811900113075,0.27997200279972,0.004065298281299571,0.4791666666666667
high,icgp_rvo_mpc_vs_residual_passive_rvo_mpc,safety_violation,lower,240,0.0375,-0.008333333333333333,0.08333333333333333,0.1481851814818518,-0.0375,0.04583333333333333
high,icgp_rvo_mpc_vs_residual_passive_rvo_mpc,success,higher,240,0.0,-0.029166666666666667,0.029166666666666667,1.0,0.0,0.029166666666666667
high,icgp_rvo_mpc_vs_rvo_reactive,collision,lower,240,0.025,-0.004166666666666667,0.058333333333333334,0.17618238176182383,-0.025,0.016666666666666666
high,icgp_rvo_mpc_vs_rvo_reactive,completion_time,lower,240,-0.11900000000000006,-0.48450000000000004,0.2655124999999997,0.5382461753824618,0.11900000000000006,0.3125
high,icgp_rvo_mpc_vs_rvo_reactive,final_goal_distance,lower,240,0.23154831919819116,0.13688527936891964,0.32689395448270564,9.999000099990002e-05,-0.23154831919819116,0.5625
high,icgp_rvo_mpc_vs_rvo_reactive,min_distance,higher,240,-0.0499305887996826,-0.06613908204093621,-0.03436908830229509,9.999000099990002e-05,-0.0499305887996826,0.36666666666666664
high,icgp_rvo_mpc_vs_rvo_reactive,progress_ratio,higher,240,-0.02221484656911343,-0.03158759431476937,-0.01326384124093844,9.999000099990002e-05,-0.02221484656911343,0.5625
high,icgp_rvo_mpc_vs_rvo_reactive,safety_violation,lower,240,0.016666666666666666,-0.025,0.058333333333333334,0.5322467753224678,-0.016666666666666666,0.041666666666666664
high,icgp_rvo_mpc_vs_rvo_reactive,success,higher,240,-0.008333333333333333,-0.0375,0.020833333333333332,0.7842215778422158,-0.008333333333333333,0.025
low,icgp_rvo_mpc_vs_passive_rvo_mpc,collision,lower,240,0.008333333333333333,0.0,0.020833333333333332,0.49675032496750327,-0.008333333333333333,0.0
low,icgp_rvo_mpc_vs_passive_rvo_mpc,completion_time,lower,240,-0.8889999999999998,-1.3065124999999997,-0.4904999999999999,9.999000099990002e-05,0.8889999999999998,0.325
low,icgp_rvo_mpc_vs_passive_rvo_mpc,final_goal_distance,lower,240,-0.1604005874445041,-0.27569400139075395,-0.04851702857762579,0.006199380061993801,0.1604005874445041,0.5875
low,icgp_rvo_mpc_vs_passive_rvo_mpc,min_distance,higher,240,0.011484634948706203,-0.00046764705200843506,0.023703780957555362,0.0678932106789321,0.011484634948706203,0.5166666666666667
low,icgp_rvo_mpc_vs_passive_rvo_mpc,progress_ratio,higher,240,0.015316670799317466,0.004463102826945639,0.02607661699866489,0.0051994800519948,0.015316670799317466,0.5875
low,icgp_rvo_mpc_vs_passive_rvo_mpc,safety_violation,lower,240,-0.03333333333333333,-0.075,0.008333333333333333,0.16268373162683733,0.03333333333333333,0.07083333333333333
low,icgp_rvo_mpc_vs_passive_rvo_mpc,success,higher,240,0.07916666666666666,0.0375,0.12083333333333333,9.999000099990002e-05,0.07916666666666666,0.09583333333333334
low,icgp_rvo_mpc_vs_residual_passive_rvo_mpc,collision,lower,240,0.008333333333333333,0.0,0.020833333333333332,0.49945005499450057,-0.008333333333333333,0.0
low,icgp_rvo_mpc_vs_residual_passive_rvo_mpc,completion_time,lower,240,-0.15749999999999995,-0.4454999999999999,0.1275,0.29017098290170984,0.15749999999999995,0.25
low,icgp_rvo_mpc_vs_residual_passive_rvo_mpc,final_goal_distance,lower,240,-0.06818568895881373,-0.15053487523769335,0.010124607384204854,0.0938906109389061,0.06818568895881373,0.5541666666666667
low,icgp_rvo_mpc_vs_residual_passive_rvo_mpc,min_distance,higher,240,-0.009196477799688352,-0.021973992558449167,0.003290804611851068,0.15378462153784622,-0.009196477799688352,0.44583333333333336
low,icgp_rvo_mpc_vs_residual_passive_rvo_mpc,progress_ratio,higher,240,0.006518076096350957,-0.0010995080791568912,0.014222646043635911,0.09359064093590641,0.006518076096350957,0.5541666666666667
low,icgp_rvo_mpc_vs_residual_passive_rvo_mpc,safety_violation,lower,240,0.0,-0.0375,0.0375,1.0,0.0,0.04583333333333333
low,icgp_rvo_mpc_vs_residual_passive_rvo_mpc,success,higher,240,0.020833333333333332,-0.004166666666666667,0.04583333333333333,0.17798220177982202,0.020833333333333332,0.029166666666666667
low,icgp_rvo_mpc_vs_rvo_reactive,collision,lower,240,0.004166666666666667,-0.008333333333333333,0.016666666666666666,1.0,-0.004166666666666667,0.004166666666666667
low,icgp_rvo_mpc_vs_rvo_reactive,completion_time,lower,240,0.1159999999999999,-0.28700000000000003,0.5399999999999998,0.5797420257974203,-0.1159999999999999,0.31666666666666665
low,icgp_rvo_mpc_vs_rvo_reactive,final_goal_distance,lower,240,0.3191465742265185,0.2083971367512519,0.4305792013206519,9.999000099990002e-05,-0.3191465742265185,0.5541666666666667
low,icgp_rvo_mpc_vs_rvo_reactive,min_distance,higher,240,-0.06323424788523761,-0.08230765950403109,-0.04464715559843252,9.999000099990002e-05,-0.06323424788523761,0.35
low,icgp_rvo_mpc_vs_rvo_reactive,progress_ratio,higher,240,-0.030470877590899663,-0.04130269146640784,-0.01998047509017244,9.999000099990002e-05,-0.030470877590899663,0.5541666666666667
low,icgp_rvo_mpc_vs_rvo_reactive,safety_violation,lower,240,0.0125,-0.025,0.05,0.676932306769323,-0.0125,0.041666666666666664
low,icgp_rvo_mpc_vs_rvo_reactive,success,higher,240,-0.04583333333333333,-0.075,-0.020833333333333332,0.0011998800119988001,-0.04583333333333333,0.0
medium,icgp_rvo_mpc_vs_passive_rvo_mpc,collision,lower,240,0.0125,0.0,0.029166666666666667,0.2522747725227477,-0.0125,0.0
medium,icgp_rvo_mpc_vs_passive_rvo_mpc,completion_time,lower,240,-0.6269999999999999,-0.9964999999999998,-0.26249999999999996,0.0006999300069993001,0.6269999999999999,0.37083333333333335
medium,icgp_rvo_mpc_vs_passive_rvo_mpc,final_goal_distance,lower,240,-0.022674882722397646,-0.11110859811306,0.06306803158251569,0.6093390660933906,0.022674882722397646,0.4875
medium,icgp_rvo_mpc_vs_passive_rvo_mpc,min_distance,higher,240,-0.00032440744923507755,-0.013480443153363412,0.013027117762258643,0.9641035896410359,-0.00032440744923507755,0.525
medium,icgp_rvo_mpc_vs_passive_rvo_mpc,progress_ratio,higher,240,0.0021005256450735057,-0.005948069308069527,0.01034711133940921,0.6196380361963804,0.0021005256450735057,0.4875
medium,icgp_rvo_mpc_vs_passive_rvo_mpc,safety_violation,lower,240,0.025,-0.025,0.075,0.41135886411358863,-0.025,0.0625
medium,icgp_rvo_mpc_vs_passive_rvo_mpc,success,higher,240,0.016666666666666666,-0.016666666666666666,0.05,0.48655134486551344,0.016666666666666666,0.04583333333333333
medium,icgp_rvo_mpc_vs_residual_passive_rvo_mpc,collision,lower,240,0.0125,0.0,0.029166666666666667,0.24227577242275772,-0.0125,0.0
medium,icgp_rvo_mpc_vs_residual_passive_rvo_mpc,completion_time,lower,240,-0.000999999999999949,-0.32349999999999995,0.33999999999999997,0.9977002299770023,0.000999999999999949,0.2791666666666667
medium,icgp_rvo_mpc_vs_residual_passive_rvo_mpc,final_goal_distance,lower,240,-0.005119939583043247,-0.08806467844406143,0.08205799150591098,0.9093090690930907,0.005119939583043247,0.49583333333333335
medium,icgp_rvo_mpc_vs_residual_passive_rvo_mpc,min_distance,higher,240,-0.014248155875727607,-0.02811676383162811,-0.0007614664877472317,0.042695730426957304,-0.014248155875727607,0.45
medium,icgp_rvo_mpc_vs_residual_passive_rvo_mpc,progress_ratio,higher,240,0.0004899306028770867,-0.007510136320391522,0.008565677014024296,0.9057094290570943,0.0004899306028770867,0.49583333333333335
medium,icgp_rvo_mpc_vs_residual_passive_rvo_mpc,safety_violation,lower,240,0.0375,-0.008333333333333333,0.08333333333333333,0.14878512148785122,-0.0375,0.04583333333333333
medium,icgp_rvo_mpc_vs_residual_passive_rvo_mpc,success,higher,240,-0.016666666666666666,-0.04583333333333333,0.0125,0.42125787421257876,-0.016666666666666666,0.020833333333333332
medium,icgp_rvo_mpc_vs_rvo_reactive,collision,lower,240,-0.004166666666666667,-0.025,0.016666666666666666,1.0,0.004166666666666667,0.016666666666666666
medium,icgp_rvo_mpc_vs_rvo_reactive,completion_time,lower,240,-0.11699999999999994,-0.5319999999999999,0.30551249999999985,0.591040895910409,0.11699999999999994,0.3375
medium,icgp_rvo_mpc_vs_rvo_reactive,final_goal_distance,lower,240,0.2856284796881179,0.1702104217815213,0.3990111020277254,9.999000099990002e-05,-0.2856284796881179,0.5416666666666666
medium,icgp_rvo_mpc_vs_rvo_reactive,min_distance,higher,240,-0.06900643293251203,-0.08750742842254809,-0.05086246903477233,9.999000099990002e-05,-0.06900643293251203,0.2916666666666667
medium,icgp_rvo_mpc_vs_rvo_reactive,progress_ratio,higher,240,-0.027375572694775953,-0.038145023303319855,-0.016731682260578945,9.999000099990002e-05,-0.027375572694775953,0.5416666666666666
medium,icgp_rvo_mpc_vs_rvo_reactive,safety_violation,lower,240,0.020833333333333332,-0.020833333333333332,0.0625,0.43415658434156584,-0.020833333333333332,0.04583333333333333
medium,icgp_rvo_mpc_vs_rvo_reactive,success,higher,240,-0.0375,-0.075,-0.004166666666666667,0.06189381061893811,-0.0375,0.020833333333333332
